{
  "controller/App-dbg.controller.js": 1715081542119,
  "model/models.js": 1715670603207,
  "manifest.json": 1715946076154,
  "controller/Home.controller.js": 1715670603207,
  "controller/App.controller.js": 1715081542119,
  "Component.js": 1715081542119,
  "Component-preload.js": 1715946077575,
  "i18n/i18n.properties": 1715140637619,
  "controller/Home-dbg.controller.js": 1715670603207,
  "model/models-dbg.js": 1715670603207,
  "Component-dbg.js": 1715081542119,
  "view/Home.view.xml": 1715670603211,
  "view/App.view.xml": 1715081542119,
  "css/style.css": 1715081542119,
  "index.html": 1715081542119
}